channel,first_touch_revenue,last_touch_revenue,linear_revenue,time_decay_revenue
Display,80.1,0.0,16.02,2.583870967741935
Organic,176.01999999999998,167.14999999999998,157.35250000000002,165.3297204301075
Paid Search,113.64,202.61,180.36750000000004,196.6786666666667
Social,0.0,0.0,16.02,5.16774193548387
