channel,total_spend,total_revenue,roas,expected_revenue
Display,66469.77,0.0,0.0,0.0
Organic,6042.95,167.15,0.027660331460627675,167.15
Email,19847.08,0.0,0.0,0.0
Paid Search,148443.88999999998,202.61,0.0014363558459066165,213.2182491906187
Social,93038.56,0.0,0.0,0.0
