channel,visits,add_to_cart,purchases,visit_to_cart_rate,cart_to_purchase_rate,visit_to_purchase_rate,dropoff_after_visit_pct,dropoff_after_cart_pct
Display,3,1,0,0.33333333333333333333,0.00000000000000000000,0.00000000000000000000,0.66666666666666666667,1.00000000000000000000
Organic,2,1,0,0.50000000000000000000,0.00000000000000000000,0.00000000000000000000,0.50000000000000000000,1.00000000000000000000
Paid Search,2,0,1,0.00000000000000000000,0,0.50000000000000000000,1.00000000000000000000,0
Social,2,0,0,0.00000000000000000000,0,0.00000000000000000000,1.00000000000000000000,0
Email,1,1,1,1.00000000000000000000,1.00000000000000000000,1.00000000000000000000,0.00000000000000000000,0.00000000000000000000
